<?xml version="1.0" encoding="UTF-8"?>
<con:soapui-project id="b429792e-7bc5-4d84-b868-23a8c2e9f588" activeEnvironment="Default" name="SpringBootDemo" resourceRoot="" soapui-version="5.3.0" abortOnError="false" runType="SEQUENTIAL" xmlns:con="http://eviware.com/soapui/config"><con:settings/><con:interface xsi:type="con:RestService" id="72d890f8-fe50-443d-9d41-c470e4fa8f2b" wadlVersion="http://wadl.dev.java.net/2009/02" name="http://localhost:8080" type="rest" xmlns:xsi="http://www.w3.org/2001/XMLSchema-instance"><con:settings/><con:definitionCache type="TEXT" rootPart=""/><con:endpoints><con:endpoint>http://localhost:8080</con:endpoint><con:endpoint>http://localhost:8080/ItemService</con:endpoint></con:endpoints><con:resource name="Add" path="/CategoryRestService/Add" id="73c914bd-ae09-4c7d-bb42-6e2ad873642b"><con:settings/><con:parameters/><con:method name="PUT" id="2a4db77b-6ba8-4754-b530-81d294d06063" method="PUT"><con:settings/><con:parameters/><con:representation type="FAULT"><con:mediaType>application/json;charset=UTF-8</con:mediaType><con:status>404 500 405</con:status><con:params/><con:element xmlns:add="http://localhost/CategoryService/Add">add:Fault</con:element></con:representation><con:representation type="REQUEST"><con:mediaType>application/json</con:mediaType><con:params/></con:representation><con:representation type="RESPONSE"><con:mediaType>application/json;charset=UTF-8</con:mediaType><con:status>200</con:status><con:params/><con:element xmlns:add="http://localhost/CategoryService/Add">add:Response</con:element></con:representation><con:request name="TEST_123" id="028b9fdc-b506-4650-a21f-8cbeee336fba" mediaType="application/json" postQueryString="false"><con:settings><con:setting id="com.eviware.soapui.impl.wsdl.WsdlRequest@request-headers">&lt;xml-fragment/></con:setting></con:settings><con:endpoint>http://localhost:8080</con:endpoint><con:request>{
	"name":"TEST_123",
	"description":"TEST_123_DESCRIPTION"
}
</con:request><con:originalUri>http://localhost/CategoryService/Add</con:originalUri><con:credentials><con:authType>No Authorization</con:authType></con:credentials><con:jmsConfig JMSDeliveryMode="PERSISTENT"/><con:jmsPropertyConfig/><con:parameters/></con:request></con:method></con:resource><con:resource name="Update" path="/CategoryRestService/Update" id="73c914bd-ae09-4c7d-bb42-6e2ad873642b"><con:settings/><con:parameters/><con:method name="POST" id="2a4db77b-6ba8-4754-b530-81d294d06063" method="POST"><con:settings/><con:parameters/><con:representation type="FAULT"><con:mediaType>application/json;charset=UTF-8</con:mediaType><con:status>404 500 405</con:status><con:params/><con:element xmlns:add="http://localhost/CategoryService/Add">add:Fault</con:element></con:representation><con:representation type="REQUEST"><con:mediaType>application/json</con:mediaType><con:params/></con:representation><con:representation type="RESPONSE"><con:mediaType>application/json;charset=UTF-8</con:mediaType><con:status>200</con:status><con:params/><con:element xmlns:add="http://localhost/CategoryService/Add">add:Response</con:element></con:representation><con:representation type="RESPONSE"><con:mediaType>text/plain;charset=UTF-8</con:mediaType><con:status>200</con:status><con:params/><con:element>data</con:element></con:representation><con:request name="ID 5" id="028b9fdc-b506-4650-a21f-8cbeee336fba" mediaType="application/json" postQueryString="false"><con:settings><con:setting id="com.eviware.soapui.impl.wsdl.WsdlRequest@request-headers">&lt;xml-fragment/></con:setting></con:settings><con:endpoint>http://localhost:8080</con:endpoint><con:request>{
	"id": 5,	
	"description": "TESTING_123_DESCRIPTION_UPDATED"
}</con:request><con:originalUri>http://localhost/CategoryService/Add</con:originalUri><con:credentials><con:authType>No Authorization</con:authType></con:credentials><con:jmsConfig JMSDeliveryMode="PERSISTENT"/><con:jmsPropertyConfig/><con:parameters/></con:request></con:method></con:resource><con:resource name="Delete" path="/CategoryRestService/Delete" id="73c914bd-ae09-4c7d-bb42-6e2ad873642b"><con:settings/><con:parameters/><con:method name="DELETE" id="2a4db77b-6ba8-4754-b530-81d294d06063" method="DELETE"><con:settings/><con:parameters/><con:representation type="FAULT"><con:mediaType>application/json;charset=UTF-8</con:mediaType><con:status>404 500 405</con:status><con:params/><con:element xmlns:add="http://localhost/CategoryService/Add">add:Fault</con:element></con:representation><con:representation type="REQUEST"><con:mediaType>application/json</con:mediaType><con:params/></con:representation><con:representation type="RESPONSE"><con:mediaType>application/json;charset=UTF-8</con:mediaType><con:status>200</con:status><con:params/><con:element xmlns:add="http://localhost/CategoryService/Add">add:Response</con:element></con:representation><con:representation type="RESPONSE"><con:mediaType>text/plain;charset=UTF-8</con:mediaType><con:status>200</con:status><con:params/><con:element>data</con:element></con:representation><con:request name="ID 5" id="028b9fdc-b506-4650-a21f-8cbeee336fba" mediaType="application/json" postQueryString="false"><con:settings><con:setting id="com.eviware.soapui.impl.wsdl.WsdlRequest@request-headers">&lt;xml-fragment/></con:setting></con:settings><con:endpoint>http://localhost:8080</con:endpoint><con:request>{
	"id" : 5
}
</con:request><con:originalUri>http://localhost/CategoryService/Add</con:originalUri><con:credentials><con:authType>No Authorization</con:authType></con:credentials><con:jmsConfig JMSDeliveryMode="PERSISTENT"/><con:jmsPropertyConfig/><con:parameters/></con:request></con:method></con:resource><con:resource name="Add" path="/ItemRestService/Add" id="73c914bd-ae09-4c7d-bb42-6e2ad873642b"><con:settings/><con:parameters/><con:method name="PUT" id="2a4db77b-6ba8-4754-b530-81d294d06063" method="PUT"><con:settings/><con:parameters/><con:representation type="FAULT"><con:mediaType>application/json;charset=UTF-8</con:mediaType><con:status>404 500 405 400</con:status><con:params/><con:element xmlns:add="http://localhost/CategoryService/Add">add:Fault</con:element></con:representation><con:representation type="REQUEST"><con:mediaType>application/json</con:mediaType><con:params/></con:representation><con:representation type="RESPONSE"><con:mediaType>application/json;charset=UTF-8</con:mediaType><con:status>200</con:status><con:params/><con:element xmlns:add="http://localhost/CategoryService/Add">add:Response</con:element></con:representation><con:request name="TEST_TODO_ITEM_2" id="028b9fdc-b506-4650-a21f-8cbeee336fba" mediaType="application/json" postQueryString="false"><con:settings><con:setting id="com.eviware.soapui.impl.wsdl.WsdlRequest@request-headers">&lt;xml-fragment/></con:setting></con:settings><con:endpoint>http://localhost:8080</con:endpoint><con:request>{
	"description":"TEST_TODO_ITEM_2",
	"dueDate" : "2017-04-30",
	"finished":"false",
	"category": {
		"id" : 4
	}
}
</con:request><con:originalUri>http://localhost/CategoryService/Add</con:originalUri><con:credentials><con:authType>No Authorization</con:authType></con:credentials><con:jmsConfig JMSDeliveryMode="PERSISTENT"/><con:jmsPropertyConfig/><con:parameters/></con:request></con:method></con:resource><con:resource name="Update" path="/ItemRestService/Update" id="73c914bd-ae09-4c7d-bb42-6e2ad873642b"><con:settings/><con:parameters/><con:method name="POST" id="2a4db77b-6ba8-4754-b530-81d294d06063" method="POST"><con:settings/><con:parameters/><con:representation type="FAULT"><con:mediaType>application/json;charset=UTF-8</con:mediaType><con:status>404 500 405 400</con:status><con:params/><con:element xmlns:add="http://localhost/CategoryService/Add">add:Fault</con:element></con:representation><con:representation type="REQUEST"><con:mediaType>application/json</con:mediaType><con:params/></con:representation><con:representation type="RESPONSE"><con:mediaType>application/json;charset=UTF-8</con:mediaType><con:status>200</con:status><con:params/><con:element xmlns:add="http://localhost/CategoryService/Add">add:Response</con:element></con:representation><con:representation type="RESPONSE"><con:mediaType>text/plain;charset=UTF-8</con:mediaType><con:status>200</con:status><con:params/><con:element>data</con:element></con:representation><con:request name="TEST_TODO_ITEM_2" id="028b9fdc-b506-4650-a21f-8cbeee336fba" mediaType="application/json" postQueryString="false"><con:settings><con:setting id="com.eviware.soapui.impl.wsdl.WsdlRequest@request-headers">&lt;xml-fragment/></con:setting></con:settings><con:endpoint>http://localhost:8080</con:endpoint><con:request>{
	"description" : "TEST_TODO_ITEM_2_UPDATED",
	"id" : 8,
	"dueDate" : "2017-05-15",
	"finished":"false",
	"category": {
		"id" : 2
	}
}
</con:request><con:originalUri>http://localhost/CategoryService/Add</con:originalUri><con:credentials><con:authType>No Authorization</con:authType></con:credentials><con:jmsConfig JMSDeliveryMode="PERSISTENT"/><con:jmsPropertyConfig/><con:parameters/></con:request></con:method></con:resource><con:resource name="Delete" path="/ItemRestService/Delete" id="73c914bd-ae09-4c7d-bb42-6e2ad873642b"><con:settings/><con:parameters/><con:method name="POST" id="2a4db77b-6ba8-4754-b530-81d294d06063" method="DELETE"><con:settings/><con:parameters/><con:representation type="FAULT"><con:mediaType>application/json;charset=UTF-8</con:mediaType><con:status>404 500 405 400</con:status><con:params/><con:element xmlns:add="http://localhost/CategoryService/Add">add:Fault</con:element></con:representation><con:representation type="REQUEST"><con:mediaType>application/json</con:mediaType><con:params/></con:representation><con:representation type="RESPONSE"><con:mediaType>application/json;charset=UTF-8</con:mediaType><con:status>200</con:status><con:params/><con:element xmlns:add="http://localhost/CategoryService/Add">add:Response</con:element></con:representation><con:representation type="RESPONSE"><con:mediaType>text/plain;charset=UTF-8</con:mediaType><con:status>200</con:status><con:params/><con:element>data</con:element></con:representation><con:request name="ID 8" id="028b9fdc-b506-4650-a21f-8cbeee336fba" mediaType="application/json" postQueryString="false"><con:settings><con:setting id="com.eviware.soapui.impl.wsdl.WsdlRequest@request-headers">&lt;xml-fragment/></con:setting></con:settings><con:endpoint>http://localhost:8080</con:endpoint><con:request>{
	"id" : 8
}
</con:request><con:originalUri>http://localhost/CategoryService/Add</con:originalUri><con:credentials><con:authType>No Authorization</con:authType></con:credentials><con:jmsConfig JMSDeliveryMode="PERSISTENT"/><con:jmsPropertyConfig/><con:parameters/></con:request></con:method></con:resource></con:interface><con:properties/><con:wssContainer/><con:oAuth2ProfileContainer/><con:oAuth1ProfileContainer/><con:sensitiveInformation/></con:soapui-project>